<Ui xmlns="http://www.blizzard.com/wow/ui/" xmlns:xsi="http://www.w3.org/2001/XMLSchema-instance" xsi:schemaLocation="http://www.blizzard.com/wow/ui/
..\Blizzard_SharedXML\UI.xsd">
	<Frame name="ActionStatus" setAllPoints="true" frameStrata="TOOLTIP" hidden="true" mixin="ActionStatusMixin">
		<Layers>
			<Layer level="ARTWORK">
				<FontString parentKey="Text" inherits="GameFontNormalLarge">
					<Anchors>
						<Anchor point="CENTER" x="0" y="0"/>
					</Anchors>
				</FontString>
			</Layer>
		</Layers>
		<Scripts>
			<OnLoad method="OnLoad" />
			<OnEvent method="OnEvent" />
			<OnUpdate method="OnUpdate" />
		</Scripts>
	</Frame>
</Ui>