<Ui xmlns="http://www.blizzard.com/wow/ui/" xmlns:xsi="http://www.w3.org/2001/XMLSchema-instance" xsi:schemaLocation="http://www.blizzard.com/wow/ui/
..\Blizzard_SharedXML\UI.xsd">
	<Frame name="UIThemeContainerFrame" mixin="UIThemeContainerMixin" intrinsic="true">
		<Scripts>
			<OnLoad method="UIThemeContainerFrame_OnPreLoad" intrinsicOrder="precall" />
			<OnShow method="UIThemeContainerFrame_OnPreShow" intrinsicOrder="precall" />
			<OnHide method="UIThemeContainerFrame_OnPostHide" intrinsicOrder="postcall" />
			<OnEvent method="UIThemeContainerFrame_OnPostEvent" intrinsicOrder="postcall" />
		</Scripts>	
	</Frame>
</Ui>