<Ui xmlns="http://www.blizzard.com/wow/ui/" xmlns:xsi="http://www.w3.org/2001/XMLSchema-instance" xsi:schemaLocation="http://www.blizzard.com/wow/ui/
..\..\Blizzard_SharedXML\UI.xsd">
	<Texture name="ActionBarFlyoutButton-FlyoutTop" file="Interface\Buttons\ActionBarFlyoutButton" virtual="true" >
		<Size x="37" y="22"/>
		<TexCoords left="0.01562500" right="0.59375000" top="0.74218750" bottom="0.91406250"/>
	</Texture>

	<CheckButton name="SpellFlyoutButtonTemplate" mixin="SpellFlyoutButtonMixin" motionScriptsWhileDisabled="true" inherits="ActionButtonTemplate,SecureFrameTemplate" virtual="true">
		<!-- This doesn't actually use any of the behavior of an ActionButtonTemplate, just the appearance -->
		<Size x="28" y="28"/>
		<KeyValues>
			<KeyValue key="maxDisplayCount" value="99"/>
		</KeyValues>
		<Scripts>
			<OnLoad method="OnLoad"/>
			<OnClick method="OnClick"/>
			<OnEnter method="OnEnter"/>
			<OnLeave method="OnLeave"/>
			<OnDragStart method="OnDragStart"/>
		</Scripts>
		<NormalTexture/>
	</CheckButton>

	<Frame name="SpellFlyout" hidden="true" frameStrata="DIALOG" frameLevel="10" inherits="SecureFrameTemplate" enableMouse="true" mixin="SpellFlyoutMixin">
		<Layers>
			<Layer level="BACKGROUND">
				<Texture name="SpellFlyoutBackgroundEnd" inherits="ActionBarFlyoutButton-FlyoutTop" parentKey="BgEnd"/>
				<Texture name="SpellFlyoutHorizontalBackground" file="Interface\Buttons\ActionBarFlyoutButton-FlyoutMidLeft" parentKey="HorizBg" horizTile="true" hidden="true">
					<Size x="32" y="37"/>
					<TexCoords left="0" right="1" top="0" bottom="0.578125"/>
				</Texture>
				<Texture name="SpellFlyoutVerticalBackground" file="Interface\Buttons\ActionBarFlyoutButton-FlyoutMid" parentKey="VertBg" vertTile="true" hidden="true">
					<Size x="37" y="32"/>
					<TexCoords left="0" right="0.578125" top="0" bottom="1"/>
				</Texture>
			</Layer>
		</Layers>
		<Frames>
			<CheckButton name="SpellFlyoutButton1" inherits="SpellFlyoutButtonTemplate"/>
		</Frames>
		<Scripts>
			<OnLoad method="OnLoad"/>
			<OnShow method="OnShow"/>
			<OnHide method="OnHide"/>
			<OnEvent method="OnEvent"/>
		</Scripts>
	</Frame>
</Ui>
