<Ui xmlns="http://www.blizzard.com/wow/ui/" xmlns:xsi="http://www.w3.org/2001/XMLSchema-instance" xsi:schemaLocation="http://www.blizzard.com/wow/ui/
..\..\..\..\..\..\WoW\Data\Interface\AddOns\Blizzard_SharedXML\UI.xsd">

	<Button name="AuctionHouseFrameTabTemplate" inherits="CharacterFrameTabButtonTemplate" parentArray="Tabs" mixin="AuctionHouseFrameTabMixin" virtual="true">
		<Scripts>
			<OnShow method="OnShow"/>
		</Scripts>
	</Button>

	<Button name="AuctionHouseFrameTopTabTemplate" inherits="PanelTopTabButtonTemplate" mixin="AuctionHouseFrameTopTabMixin" virtual="true">
		<Scripts>
			<OnShow method="OnShow"/>
			<OnClick method="OnClick"/>
		</Scripts>
	</Button>

	<Button name="AuctionHouseFrameDisplayModeTabTemplate" mixin="AuctionHouseFrameDisplayModeTabMixin" inherits="AuctionHouseFrameTabTemplate" virtual="true">
		<!--
		displayMode: The display mode to set on the auction house frame on click.
		<KeyValues>
			<KeyValue key="displayMode" value="AuctionHouseFrameDisplayMode.Sell" type="global"/>
		</KeyValues>
		-->
		<Scripts>
			<OnClick method="OnClick"/>
		</Scripts>
	</Button>
</Ui>