<Ui xmlns="http://www.blizzard.com/wow/ui/" xmlns:xsi="http://www.w3.org/2001/XMLSchema-instance" xsi:schemaLocation="http://www.blizzard.com/wow/ui/
..\..\..\..\..\..\WoW\Data\Interface\AddOns\Blizzard_SharedXML\UI.xsd">
	<Button name="AuctionHouseItemDisplayTemplate" inherits="AuctionHouseItemDisplayBaseTemplate" virtual="true">
		<Frames>
			<Button parentKey="ItemButton" mixin="AuctionHouseItemDisplayItemButtonMixin" inherits="GiantItemButtonTemplate">
				<Scripts>
					<OnLoad method="OnLoad"/>
					<OnClick method="OnClick"/>
					<OnEnter method="OnEnter"/>
					<OnLeave method="OnLeave"/>
				</Scripts>
			</Button>
			<Button parentKey="FavoriteButton" inherits="AuctionHouseFavoriteButtonBaseTemplate">
				<Anchors>
					<Anchor point="TOPRIGHT" relativePoint="TOPRIGHT" x="-6" y="-6"/>
				</Anchors>
			</Button>
		</Frames>
		<Layers>
			<Layer level="ARTWORK">
				<FontString parentKey="Name" inherits="SystemFont_Shadow_Large2" justifyH="LEFT">
					<Size x="0" y="64"/>
					<Anchors>
						<Anchor point="LEFT" relativeKey="$parent.ItemButton" relativePoint="RIGHT" x="11" y="1"/>
						<Anchor point="RIGHT" relativeKey="$parent" relativePoint="RIGHT" x="-31" y="1"/>
					</Anchors>
					<Shadow x="1" y="-1">
						<Color r="0" g="0" b="0"/>
					</Shadow>
				</FontString>
			</Layer>
		</Layers>
	</Button>

	<EventFrame name="DummyAuctionHouseScrollBarTemplate" inherits="WowClassicScrollBar" virtual="true">
		<Anchors>
			<Anchor point="TOPLEFT" relativePoint="TOPRIGHT" x="-7" y="0"/>
			<Anchor point="BOTTOMLEFT" relativePoint="BOTTOMRIGHT" x="0" y="-2"/>
		</Anchors>
	</EventFrame>
</Ui>